<?xml version="1.0" encoding="UTF-8"?>
<dataTemplate name="XXRG_AGE_DETAILS" defaultPackage="XXINV_AGE_PKG" version="1.0">
<properties>
<property name="xml_tag_case" value="upper" /> 
</properties>
<parameters>
  <parameter name="P_CONC_REQUEST_ID" dataType="number" /> 
  <parameter name="BUK1_DAYS_FROM"    dataType="number" /> 
  <parameter name="BUK1_DAYS_TO"      dataType="number" /> 
  <parameter name="BUK2_DAYS_FROM"    dataType="number" />
  <parameter name="BUK2_DAYS_TO"      dataType="number" />
  <parameter name="BUK3_DAYS_FROM"    dataType="number" />
  <parameter name="BUK3_DAYS_TO"      dataType="number" />
  <parameter name="BUK4_DAYS_FROM"    dataType="number" />
  <parameter name="BUK4_DAYS_TO"      dataType="number" />
  <parameter name="BUK5_DAYS_FROM"    dataType="number" />
  <parameter name="TILL_DATE"         dataType="date" />
  <parameter name="ORG_ID"            dataType="number" />
  </parameters>
  <lexicals />
  <dataTrigger name="beforeReportTrigger" source="XXINV_AGE_PKG.beforereport()"/>
 <dataQuery>
<sqlStatement name="Q_AGE_DETAILS">
<![CDATA[
  SELECT ev1.INVENTORY_ITEM_ID,
  ev1.ITEM_CODE ITEM,
  XXHR_ARG_PKG.get_org_name(:ORG_ID) ORGANIZATION,
  ev1.DESCRIPTION,
  SUM(Buk11) buk11,
  SUM(Buk21) buk21 ,
  SUM(Buk31) buk31 ,
  SUM(Buk41) buk41,
  SUM(Buk51) buk51 
FROM
  (SELECT ev1.INVENTORY_ITEM_ID,
    ITEM_CODE,
    DESCRIPTION,
    (
    CASE
      WHEN age BETWEEN :BUK1_DAYS_FROM AND :BUK1_DAYS_TO
      THEN SUM(aqty)
      ELSE NULL
    END) Buk11,
    (
    CASE
      WHEN age BETWEEN :BUK2_DAYS_FROM AND :BUK2_DAYS_TO
      THEN SUM(aqty)
      ELSE NULL
    END) Buk21,
    (
    CASE
      WHEN age BETWEEN :BUK3_DAYS_FROM AND :BUK3_DAYS_TO
      THEN SUM(aqty)
      ELSE NULL
    END) Buk31,
    (
    CASE
      WHEN age BETWEEN :BUK4_DAYS_FROM AND :BUK4_DAYS_TO
      THEN SUM(aqty)
      ELSE NULL
    END) Buk41,
    (
    CASE
      WHEN age >= :BUK5_DAYS_FROM
      THEN SUM(aqty)
      ELSE NULL
    END) Buk51
  FROM
    (SELECT 
      ITEM_CODE,
      DESCRIPTION,
      TRANSACTION_DATE,
      TRANSACTION_QUANTITY,
      SUM(TRANSACTION_QUANTITY) OVER(PARTITION BY INVENTORY_ITEM_ID ORDER BY TRANSACTION_ID,TRANSACTION_DATE) BFF ,
      (
      CASE
        WHEN TRANSACTION_QUANTITY > SUM(TRANSACTION_QUANTITY) OVER(PARTITION BY INVENTORY_ITEM_ID ORDER BY TRANSACTION_ID,TRANSACTION_DATE)
        THEN SUM(TRANSACTION_QUANTITY) OVER(PARTITION BY INVENTORY_ITEM_ID ORDER BY TRANSACTION_ID,TRANSACTION_DATE)                       
        ELSE TRANSACTION_QUANTITY
      END) AQTY
      --,TCOST
      ,
    ROUND(  NVL(fnd_conc_date.string_to_date(:TILL_DATE),SYSDATE)-fnd_conc_date.string_to_date(TRANSACTION_DATE),2) AGE,
      inventory_item_id
    FROM
      (SELECT V1.TRANSACTION_ID,
        V1.ITEM_CODE,
        V1.DESCRIPTION,
        TRUNC(
        CASE
          WHEN V1.TRANSACTION_TYPE_ID = 4
          THEN V1.TRANSACTION_DATE - 700
          ELSE TRANSACTION_DATE
        END) TRANSACTION_DATE,
        V1.TRANSACTION_QUANTITY,
        V1.INVENTORY_ITEM_ID 
      FROM XXINV_STOCKAGE_REC_V V1
      WHERE V1.organization_id       =:ORG_ID
      AND TRUNC(V1.TRANSACTION_DATE)<= NVL(:TILL_DATE,SYSDATE)
      GROUP BY V1.TRANSACTION_ID,
        V1.TRANSACTION_TYPE_ID,
        V1.ITEM_CODE,
        V1.DESCRIPTION,
        V1.TRANSACTION_DATE,
        V1.TRANSACTION_QUANTITY,
        V1.INVENTORY_ITEM_ID--,V1.TRANSACTION_COST,V1.ACTUAL_COST,V1.PRIOR_COST
        union
        SELECT V2.TRANSACTION_ID,
        V2.ITEM_CODE,
        V2.DESCRIPTION,
        TRUNC(
        CASE
          WHEN V2.TRANSACTION_TYPE_ID = 4
          THEN V2.TRANSACTION_DATE - 700
          ELSE TRANSACTION_DATE
        END) TRANSACTION_DATE,
        V2.TRANSACTION_QUANTITY,
        V2.INVENTORY_ITEM_ID 
      FROM XXINV_STOCKAGE_ISS_V V2
      WHERE V2.organization_id       =:ORG_ID
      AND TRUNC(V2.TRANSACTION_DATE)<= NVL(:TILL_DATE,SYSDATE)
      GROUP BY V2.TRANSACTION_ID,
        V2.TRANSACTION_TYPE_ID,
        V2.ITEM_CODE,
        V2.DESCRIPTION,
        V2.TRANSACTION_DATE,
        V2.TRANSACTION_QUANTITY,
        V2.INVENTORY_ITEM_ID
        )
    )ev1
  WHERE ev1.aqty>0
  GROUP BY ev1.inventory_item_id,
    ev1.ITEM_CODE,
    ev1.description,
    ev1.age
 
  UNION ALL
  
  SELECT INVENTORY_ITEM_ID,
    
    ITEM_CODE,
    DESCRIPTION,
    QTY BUK11,
    NULL BUK21,
    NULL BUK31,
    NULL BUK41,
    NULL BUK51
  FROM
    (SELECT 
      si.SEGMENT1 ITEM_CODE ,
      si.description,
      mmt.inventory_item_id,
      SUM (mmt.transaction_quantity) qty
    FROM mtl_material_transactions mmt,
      mtl_system_items si
    WHERE mmt.inventory_item_id = si.inventory_item_id
    AND mmt.organization_id  = si.organization_id
    AND si.organization_id      = :ORG_ID
    AND TRUNC(TRANSACTION_DATE) <= NVL(:TILL_DATE,SYSDATE)
    and si.inventory_item_id = mmt.inventory_item_id 
    GROUP BY mmt.inventory_item_id,
      si.SEGMENT1,
      si.description
    HAVING SUM (mmt.transaction_quantity) < 0
    )
  ) ev1
GROUP BY 
  ev1.ITEM_CODE,
  ev1.INVENTORY_ITEM_ID,
  ev1.DESCRIPTION,
  XXHR_ARG_PKG.get_org_name(:ORG_ID)
ORDER BY
  ev1.ITEM_CODE
   ]]> 
  </sqlStatement>
<sqlStatement name="Q_ONHAND_DETAILS">
<![CDATA[
  SELECT SUM(MOQ.TRANSACTION_QUANTITY) ON_HAND
FROM MTL_ONHAND_QUANTITIES MOQ 
WHERE MOQ.organization_id = :ORG_ID 
AND MOQ.inventory_item_id = :INVENTORY_ITEM_ID
 ]]> 
  </sqlStatement>
<sqlStatement name="Q_CST_DETAILS">
<![CDATA[
  SELECT  ROUND(X.ITEM_COST,2) ITEM_COST FROM 
  (&P_COST_QUERY) X
 ]]> 
  </sqlStatement>
  <sqlStatement name="Q_ORG_DETAILS">
<![CDATA[
  SELECT ORGANIZATION_CODE, decode (primary_cost_method,2,'AVERAGE COSTING'
                                  , 1,'STANDARD COSTING') COST_TYPE
FROM  mtl_parameters
WHERE organization_id =:ORG_ID 
 ]]> 
  </sqlStatement>
  <sqlStatement name="Q_ITEM_CATEGORY_DETAILS">
<![CDATA[SELECT MCB.SEGMENT1||'.'|| MCB.SEGMENT2 CATEGORY
        FROM  MTL_ITEM_CATEGORIES MIC , mtl_categories_b mcb
        WHERE  MCB.CATEGORY_ID     = MIC.CATEGORY_ID
        AND MIC.CATEGORY_SET_ID    = 1100000406
        AND  mic.inventory_item_id = :INVENTORY_ITEM_ID
        AND mic.organization_id    = :ORG_ID 
 ]]> 
  </sqlStatement>
  </dataQuery>
  <dataStructure>
<group name="G_ORG_DETAILS_GROUP" dataType="varchar2" source="Q_ORG_DETAILS">
  <element name="ORG_CODE"         dataType="varchar2" value="ORGANIZATION_CODE" 	/> 
  <element name="COST_TYPE"        dataType="varchar2" value="COST_TYPE"		/> 
</group>
<group name="G_AGE_DETAILS_GROUP" dataType="varchar2" source="Q_AGE_DETAILS">
  <element name="INVENTORY_ITEM_ID"    dataType="number" value="INVENTORY_ITEM_ID"	/> 
<group name="G_ITEM_CATEGORY_GROUP" dataType="varchar2" source="Q_ITEM_CATEGORY_DETAILS">
  <element name="CATEGORY"         dataType="varchar2" value="CATEGORY" 	/> 
</group>
  <element name="ORGANIZATION"         dataType="varchar2" value="ORGANIZATION" 	/> 
  <element name="ITEM"                 dataType="varchar2" value="ITEM"		/> 
  <element name="DESCRIPTION"		   dataType="varchar2" value="DESCRIPTION"			/> 
  <element name="BUK11"                dataType="varchar2" value="BUK11"	/> 
  <element name="BUK21"                dataType="varchar2" value="BUK21"	/> 
  <element name="BUK31"                dataType="varchar2" value="BUK31"			/>
  <element name="BUK41"                dataType="varchar2" value="BUK41"                		/> 
  <element name="BUK51"                dataType="varchar2" value="BUK51"                /> 
  <element name="ITEM_TOTAL"           dataType="number"   value="G_ONHAND_CST_GROUP.ON_HAND*G_ONHAND_CST_GROUP.ITEM_COST"                /> 
  <group name="G_ONHAND_GROUP"     dataType="varchar2" source="Q_ONHAND_DETAILS">
  <element name="ON_HAND"              dataType="number"	value="ON_HAND"  /> 
  </group>
  <group name="G_CST_GROUP"     dataType="varchar2" source="Q_CST_DETAILS">
  <element name="ITEM_COST"              dataType="number"	value="ITEM_COST"  />
  </group>
  </group>
  <element name="CURRENT_DATE"			dataType="date"		value="XXINV_AGE_PKG.GET_CURRENT_DATE" /> 
  </dataStructure>
   </dataTemplate>